{
  "libero_robot": {
    "observation.state": {
      "min": [
        -0.4828203022480011,
        -0.3255046010017395,
        0.008128180168569088,
        0.35277295112609863,
        -3.641430377960205,
        -1.842738389968872,
        -0.0013586411951109767,
        -0.042040832340717316
      ],
      "max": [
        0.21031762659549713,
        0.39128610491752625,
        1.3660105466842651,
        3.6714255809783936,
        3.560650587081909,
        1.386339545249939,
        0.04233968257904053,
        0.0013633022317662835
      ]
    },
    "action": {
      "min": [
        -0.9375,
        -0.9375,
        -0.9375,
        -0.2582142949104309,
        -0.375,
        -0.3675000071525574,
        0.0
      ],
      "max": [
        0.9375,
        0.9375,
        0.9375,
        0.3557142913341522,
        0.375,
        0.375,
        1.0
      ]
    }
  }
}